{"cameraMode":{"drawMode":0,"name":"Shaded","section":"Shading Mode"},"sceneLighting":true,"audioPlay":false,"sceneViewState":{"showFog":true,"showMaterialUpdate":true,"showSkybox":true,"showFlares":true,"showImageEffects":true,"showParticleSystems":true},"in2DMode":false,"pivot":{"x":5.561795234680176,"y":-1.2170346975326539,"z":5.490174293518066},"rotation":{"x":0.0835176557302475,"y":0.3758706748485565,"z":-0.0340372696518898,"w":0.9222756028175354},"size":11.533246040344239,"orthographic":false}