{"cameraMode":{"drawMode":0,"name":"Shaded","section":"Shading Mode"},"sceneLighting":true,"audioPlay":false,"sceneViewState":{"showFog":true,"showMaterialUpdate":true,"showSkybox":true,"showFlares":true,"showImageEffects":true,"showParticleSystems":true},"in2DMode":false,"pivot":{"x":21.303913116455079,"y":-2.441366672515869,"z":-24.446853637695314},"rotation":{"x":0.046447452157735828,"y":0.8976377248764038,"z":-0.09761268645524979,"w":0.4273170232772827},"size":45.04035568237305,"orthographic":false}