{"cameraMode":{"drawMode":0,"name":"Shaded","section":"Shading Mode"},"sceneLighting":true,"audioPlay":false,"sceneViewState":{"showFog":true,"showMaterialUpdate":true,"showSkybox":true,"showFlares":true,"showImageEffects":true,"showParticleSystems":true},"in2DMode":false,"pivot":{"x":0.9810840487480164,"y":0.664943277835846,"z":-1.4046425819396973},"rotation":{"x":0.02506847120821476,"y":-0.9054059982299805,"z":-0.05413440987467766,"w":-0.4204135537147522},"size":15.474678039550782,"orthographic":false}