{"cameraMode":{"drawMode":0,"name":"Shaded","section":"Shading Mode"},"sceneLighting":true,"audioPlay":false,"sceneViewState":{"showFog":true,"showMaterialUpdate":true,"showSkybox":true,"showFlares":true,"showImageEffects":true,"showParticleSystems":true},"in2DMode":false,"pivot":{"x":-1.5747458934783936,"y":1.5633740425109864,"z":-0.7656927108764648},"rotation":{"x":0.03713124617934227,"y":-0.9450634121894836,"z":0.11569975316524506,"w":0.30355727672576907},"size":90.56333923339844,"orthographic":false}