{"cameraMode":{"drawMode":0,"name":"Shaded","section":"Shading Mode"},"sceneLighting":true,"audioPlay":false,"sceneViewState":{"showFog":true,"showMaterialUpdate":true,"showSkybox":true,"showFlares":true,"showImageEffects":true,"showParticleSystems":true},"in2DMode":false,"pivot":{"x":-9.397538185119629,"y":-3.73553466796875,"z":-13.610498428344727},"rotation":{"x":-0.11789803951978684,"y":0.8566969633102417,"z":-0.2249763011932373,"w":-0.4489499628543854},"size":36.44950866699219,"orthographic":false}