{"cameraMode":{"drawMode":0,"name":"Shaded","section":"Shading Mode"},"sceneLighting":false,"audioPlay":false,"sceneViewState":{"showFog":true,"showMaterialUpdate":true,"showSkybox":false,"showFlares":true,"showImageEffects":true,"showParticleSystems":true},"in2DMode":false,"pivot":{"x":0.5440000295639038,"y":2.140000104904175,"z":-3.626999855041504},"rotation":{"x":0.028695864602923394,"y":0.08083993941545487,"z":-0.0025546865072101356,"w":0.9963670372962952},"size":8.039554595947266,"orthographic":false}