{"cameraMode":{"drawMode":0,"name":"Shaded","section":"Shading Mode"},"sceneLighting":true,"audioPlay":false,"sceneViewState":{"showFog":true,"showMaterialUpdate":true,"showSkybox":true,"showFlares":true,"showImageEffects":true,"showParticleSystems":true},"in2DMode":false,"pivot":{"x":3.8067827224731447,"y":-9.35086727142334,"z":-17.80709457397461},"rotation":{"x":0.02720000594854355,"y":0.9597053527832031,"z":-0.2612837255001068,"w":0.09998145699501038},"size":45.451148986816409,"orthographic":false}