{"cameraMode":{"drawMode":0,"name":"Shaded","section":"Shading Mode"},"sceneLighting":true,"audioPlay":false,"sceneViewState":{"showFog":true,"showMaterialUpdate":true,"showSkybox":true,"showFlares":true,"showImageEffects":true,"showParticleSystems":true},"in2DMode":false,"pivot":{"x":0.05009341239929199,"y":1.0946416854858399,"z":-0.05644969642162323},"rotation":{"x":-0.09225363284349442,"y":0.8974422812461853,"z":-0.3691742718219757,"w":-0.22377656400203706},"size":11.177382469177246,"orthographic":false}