{"cameraMode":{"drawMode":0,"name":"Shaded","section":"Shading Mode"},"sceneLighting":false,"audioPlay":false,"sceneViewState":{"showFog":true,"showMaterialUpdate":true,"showSkybox":false,"showFlares":true,"showImageEffects":true,"showParticleSystems":true},"in2DMode":false,"pivot":{"x":-1.1423618793487549,"y":0.6975637674331665,"z":-0.5945184230804443},"rotation":{"x":0.03459600359201431,"y":-0.8594835996627808,"z":0.058265797793865207,"w":0.5067583322525024},"size":4.588698387145996,"orthographic":false}