{"cameraMode":{"drawMode":0,"name":"Shaded","section":"Shading Mode"},"sceneLighting":false,"audioPlay":false,"sceneViewState":{"showFog":true,"showMaterialUpdate":true,"showSkybox":false,"showFlares":true,"showImageEffects":true,"showParticleSystems":true},"in2DMode":false,"pivot":{"x":14.6899995803833,"y":5.611686706542969,"z":9.399999618530274},"rotation":{"x":-0.014737548306584359,"y":0.9839324355125427,"z":-0.1490202099084854,"w":-0.09743223339319229},"size":25.45931625366211,"orthographic":false}